<?xml version="1.0" encoding="utf-8"?>
<extension
	type="module"
	version="1.0"
	client="site"
	method="upgrade">
	<name>mod_streams_filter</name>
	<author>Babs Gosgens</author>
	<version>1.0</version>
	<description>MOD_STREAMS_FILTER_XML_DESCRIPTION</description>
	<files>
		<filename>mod_streams_filter.xml</filename>
		<filename module="mod_streams_filter">mod_streams_filter.php</filename>
		<filename>index.html</filename>
		<filename>helper.php</filename>
		<filename>tmpl/default.php</filename>
		<filename>tmpl/index.html</filename>
	</files>
	<languages>
		<language tag="en-GB">en-GB.mod_streams_filter.ini</language>
		<language tag="en-GB">en-GB.mod_streams_filter.sys.ini</language>
	</languages>
</extension>
